"","qseqid","taxon","taxonomic_level","species","genus","family","order","class","phylum","kingdom"
"1","ASV_018","Pleuronectidae","family",NA,NA,"Pleuronectidae","Pleuronectiformes","Actinopteri","Chordata","Eukaryota"
"2","ASV_019","Pleuronectidae","family",NA,NA,"Pleuronectidae","Pleuronectiformes","Actinopteri","Chordata","Eukaryota"
"3","ASV_037","Pleuronectidae","family",NA,NA,"Pleuronectidae","Pleuronectiformes","Actinopteri","Chordata","Eukaryota"
"4","ASV_042","Gadidae","family",NA,NA,"Gadidae","Gadiformes","Actinopteri","Chordata","Eukaryota"
"5","ASV_047","Pleuronectidae","family",NA,NA,"Pleuronectidae","Pleuronectiformes","Actinopteri","Chordata","Eukaryota"
"6","ASV_151","Pleuronectidae","family",NA,NA,"Pleuronectidae","Pleuronectiformes","Actinopteri","Chordata","Eukaryota"
"7","ASV_182","Pleuronectidae","family",NA,NA,"Pleuronectidae","Pleuronectiformes","Actinopteri","Chordata","Eukaryota"
"8","ASV_191","Osmeridae","family",NA,NA,"Osmeridae","Osmeriformes","Actinopteri","Chordata","Eukaryota"
"9","ASV_201","Pleuronectidae","family",NA,NA,"Pleuronectidae","Pleuronectiformes","Actinopteri","Chordata","Eukaryota"
"10","ASV_202","Pleuronectidae","family",NA,NA,"Pleuronectidae","Pleuronectiformes","Actinopteri","Chordata","Eukaryota"
"11","ASV_001","Sebastes","genus",NA,"Sebastes","Sebastidae","Perciformes","Actinopteri","Chordata","Eukaryota"
"12","ASV_002","Atheresthes","genus",NA,"Atheresthes","Pleuronectidae","Pleuronectiformes","Actinopteri","Chordata","Eukaryota"
"13","ASV_003","Sebastolobus","genus",NA,"Sebastolobus","Sebastidae","Perciformes","Actinopteri","Chordata","Eukaryota"
"14","ASV_006","Gadus","genus",NA,"Gadus","Gadidae","Gadiformes","Actinopteri","Chordata","Eukaryota"
"15","ASV_008","Sebastes","genus",NA,"Sebastes","Sebastidae","Perciformes","Actinopteri","Chordata","Eukaryota"
"16","ASV_031","Sebastes","genus",NA,"Sebastes","Sebastidae","Perciformes","Actinopteri","Chordata","Eukaryota"
"17","ASV_035","Sebastes","genus",NA,"Sebastes","Sebastidae","Perciformes","Actinopteri","Chordata","Eukaryota"
"18","ASV_046","Atheresthes","genus",NA,"Atheresthes","Pleuronectidae","Pleuronectiformes","Actinopteri","Chordata","Eukaryota"
"19","ASV_055","Atheresthes","genus",NA,"Atheresthes","Pleuronectidae","Pleuronectiformes","Actinopteri","Chordata","Eukaryota"
"20","ASV_056","Sebastolobus","genus",NA,"Sebastolobus","Sebastidae","Perciformes","Actinopteri","Chordata","Eukaryota"
"21","ASV_058","Salvelinus","genus",NA,"Salvelinus","Salmonidae","Salmoniformes","Actinopteri","Chordata","Eukaryota"
"22","ASV_062","Sebastes","genus",NA,"Sebastes","Sebastidae","Perciformes","Actinopteri","Chordata","Eukaryota"
"23","ASV_064","Sebastes","genus",NA,"Sebastes","Sebastidae","Perciformes","Actinopteri","Chordata","Eukaryota"
"24","ASV_065","Lepidopsetta","genus",NA,"Lepidopsetta","Pleuronectidae","Pleuronectiformes","Actinopteri","Chordata","Eukaryota"
"25","ASV_069","Atheresthes","genus",NA,"Atheresthes","Pleuronectidae","Pleuronectiformes","Actinopteri","Chordata","Eukaryota"
"26","ASV_075","Sebastes","genus",NA,"Sebastes","Sebastidae","Perciformes","Actinopteri","Chordata","Eukaryota"
"27","ASV_078","Careproctus","genus",NA,"Careproctus","Liparidae","Perciformes","Actinopteri","Chordata","Eukaryota"
"28","ASV_079","Sebastes","genus",NA,"Sebastes","Sebastidae","Perciformes","Actinopteri","Chordata","Eukaryota"
"29","ASV_083","Lepidopsetta","genus",NA,"Lepidopsetta","Pleuronectidae","Pleuronectiformes","Actinopteri","Chordata","Eukaryota"
"30","ASV_086","Bathymaster","genus",NA,"Bathymaster","Bathymasteridae","Perciformes","Actinopteri","Chordata","Eukaryota"
"31","ASV_088","Sebastes","genus",NA,"Sebastes","Sebastidae","Perciformes","Actinopteri","Chordata","Eukaryota"
"32","ASV_089","Atheresthes","genus",NA,"Atheresthes","Pleuronectidae","Pleuronectiformes","Actinopteri","Chordata","Eukaryota"
"33","ASV_094","Sebastes","genus",NA,"Sebastes","Sebastidae","Perciformes","Actinopteri","Chordata","Eukaryota"
"34","ASV_096","Sebastes","genus",NA,"Sebastes","Sebastidae","Perciformes","Actinopteri","Chordata","Eukaryota"
"35","ASV_101","Sebastes","genus",NA,"Sebastes","Sebastidae","Perciformes","Actinopteri","Chordata","Eukaryota"
"36","ASV_104","Sebastolobus","genus",NA,"Sebastolobus","Sebastidae","Perciformes","Actinopteri","Chordata","Eukaryota"
"37","ASV_107","Atheresthes","genus",NA,"Atheresthes","Pleuronectidae","Pleuronectiformes","Actinopteri","Chordata","Eukaryota"
"38","ASV_108","Sebastes","genus",NA,"Sebastes","Sebastidae","Perciformes","Actinopteri","Chordata","Eukaryota"
"39","ASV_110","Sebastes","genus",NA,"Sebastes","Sebastidae","Perciformes","Actinopteri","Chordata","Eukaryota"
"40","ASV_115","Atheresthes","genus",NA,"Atheresthes","Pleuronectidae","Pleuronectiformes","Actinopteri","Chordata","Eukaryota"
"41","ASV_116","Sebastes","genus",NA,"Sebastes","Sebastidae","Perciformes","Actinopteri","Chordata","Eukaryota"
"42","ASV_118","Gadus","genus",NA,"Gadus","Gadidae","Gadiformes","Actinopteri","Chordata","Eukaryota"
"43","ASV_121","Atheresthes","genus",NA,"Atheresthes","Pleuronectidae","Pleuronectiformes","Actinopteri","Chordata","Eukaryota"
"44","ASV_122","Sebastes","genus",NA,"Sebastes","Sebastidae","Perciformes","Actinopteri","Chordata","Eukaryota"
"45","ASV_124","Sebastes","genus",NA,"Sebastes","Sebastidae","Perciformes","Actinopteri","Chordata","Eukaryota"
"46","ASV_127","Oncorhynchus","genus",NA,"Oncorhynchus","Salmonidae","Salmoniformes","Actinopteri","Chordata","Eukaryota"
"47","ASV_129","Sebastes","genus",NA,"Sebastes","Sebastidae","Perciformes","Actinopteri","Chordata","Eukaryota"
"48","ASV_131","Atheresthes","genus",NA,"Atheresthes","Pleuronectidae","Pleuronectiformes","Actinopteri","Chordata","Eukaryota"
"49","ASV_140","Sebastes","genus",NA,"Sebastes","Sebastidae","Perciformes","Actinopteri","Chordata","Eukaryota"
"50","ASV_144","Atheresthes","genus",NA,"Atheresthes","Pleuronectidae","Pleuronectiformes","Actinopteri","Chordata","Eukaryota"
"51","ASV_148","Atheresthes","genus",NA,"Atheresthes","Pleuronectidae","Pleuronectiformes","Actinopteri","Chordata","Eukaryota"
"52","ASV_154","Sebastolobus","genus",NA,"Sebastolobus","Sebastidae","Perciformes","Actinopteri","Chordata","Eukaryota"
"53","ASV_155","Sebastolobus","genus",NA,"Sebastolobus","Sebastidae","Perciformes","Actinopteri","Chordata","Eukaryota"
"54","ASV_156","Atheresthes","genus",NA,"Atheresthes","Pleuronectidae","Pleuronectiformes","Actinopteri","Chordata","Eukaryota"
"55","ASV_159","Sebastes","genus",NA,"Sebastes","Sebastidae","Perciformes","Actinopteri","Chordata","Eukaryota"
"56","ASV_161","Gadus","genus",NA,"Gadus","Gadidae","Gadiformes","Actinopteri","Chordata","Eukaryota"
"57","ASV_163","Atheresthes","genus",NA,"Atheresthes","Pleuronectidae","Pleuronectiformes","Actinopteri","Chordata","Eukaryota"
"58","ASV_164","Sebastes","genus",NA,"Sebastes","Sebastidae","Perciformes","Actinopteri","Chordata","Eukaryota"
"59","ASV_167","Sebastolobus","genus",NA,"Sebastolobus","Sebastidae","Perciformes","Actinopteri","Chordata","Eukaryota"
"60","ASV_168","Atheresthes","genus",NA,"Atheresthes","Pleuronectidae","Pleuronectiformes","Actinopteri","Chordata","Eukaryota"
"61","ASV_170","Oncorhynchus","genus",NA,"Oncorhynchus","Salmonidae","Salmoniformes","Actinopteri","Chordata","Eukaryota"
"62","ASV_171","Atheresthes","genus",NA,"Atheresthes","Pleuronectidae","Pleuronectiformes","Actinopteri","Chordata","Eukaryota"
"63","ASV_175","Sebastes","genus",NA,"Sebastes","Sebastidae","Perciformes","Actinopteri","Chordata","Eukaryota"
"64","ASV_176","Atheresthes","genus",NA,"Atheresthes","Pleuronectidae","Pleuronectiformes","Actinopteri","Chordata","Eukaryota"
"65","ASV_179","Gadus","genus",NA,"Gadus","Gadidae","Gadiformes","Actinopteri","Chordata","Eukaryota"
"66","ASV_188","Gadus","genus",NA,"Gadus","Gadidae","Gadiformes","Actinopteri","Chordata","Eukaryota"
"67","ASV_189","Sebastes","genus",NA,"Sebastes","Sebastidae","Perciformes","Actinopteri","Chordata","Eukaryota"
"68","ASV_190","Sebastes","genus",NA,"Sebastes","Sebastidae","Perciformes","Actinopteri","Chordata","Eukaryota"
"69","ASV_192","Atheresthes","genus",NA,"Atheresthes","Pleuronectidae","Pleuronectiformes","Actinopteri","Chordata","Eukaryota"
"70","ASV_196","Sebastes","genus",NA,"Sebastes","Sebastidae","Perciformes","Actinopteri","Chordata","Eukaryota"
"71","ASV_197","Atheresthes","genus",NA,"Atheresthes","Pleuronectidae","Pleuronectiformes","Actinopteri","Chordata","Eukaryota"
"72","ASV_199","Sebastes","genus",NA,"Sebastes","Sebastidae","Perciformes","Actinopteri","Chordata","Eukaryota"
"73","ASV_200","Sebastes","genus",NA,"Sebastes","Sebastidae","Perciformes","Actinopteri","Chordata","Eukaryota"
"74","ASV_205","Gadus","genus",NA,"Gadus","Gadidae","Gadiformes","Actinopteri","Chordata","Eukaryota"
"75","ASV_207","Bathyagonus","genus",NA,"Bathyagonus","Agonidae","Perciformes","Actinopteri","Chordata","Eukaryota"
"76","ASV_210","Sebastes","genus",NA,"Sebastes","Sebastidae","Perciformes","Actinopteri","Chordata","Eukaryota"
"77","ASV_212","Sebastes","genus",NA,"Sebastes","Sebastidae","Perciformes","Actinopteri","Chordata","Eukaryota"
"78","ASV_213","Atheresthes","genus",NA,"Atheresthes","Pleuronectidae","Pleuronectiformes","Actinopteri","Chordata","Eukaryota"
"79","ASV_214","Sebastes","genus",NA,"Sebastes","Sebastidae","Perciformes","Actinopteri","Chordata","Eukaryota"
"80","ASV_215","Sebastes","genus",NA,"Sebastes","Sebastidae","Perciformes","Actinopteri","Chordata","Eukaryota"
"81","ASV_221","Atheresthes","genus",NA,"Atheresthes","Pleuronectidae","Pleuronectiformes","Actinopteri","Chordata","Eukaryota"
"82","ASV_223","Sebastes","genus",NA,"Sebastes","Sebastidae","Perciformes","Actinopteri","Chordata","Eukaryota"
"83","ASV_227","Gadus","genus",NA,"Gadus","Gadidae","Gadiformes","Actinopteri","Chordata","Eukaryota"
"84","ASV_228","Sebastes","genus",NA,"Sebastes","Sebastidae","Perciformes","Actinopteri","Chordata","Eukaryota"
"85","ASV_229","Atheresthes","genus",NA,"Atheresthes","Pleuronectidae","Pleuronectiformes","Actinopteri","Chordata","Eukaryota"
"86","ASV_234","Sebastes","genus",NA,"Sebastes","Sebastidae","Perciformes","Actinopteri","Chordata","Eukaryota"
"87","ASV_238","Sebastes","genus",NA,"Sebastes","Sebastidae","Perciformes","Actinopteri","Chordata","Eukaryota"
"88","ASV_239","Sebastes","genus",NA,"Sebastes","Sebastidae","Perciformes","Actinopteri","Chordata","Eukaryota"
"89","ASV_240","Gadus","genus",NA,"Gadus","Gadidae","Gadiformes","Actinopteri","Chordata","Eukaryota"
"90","ASV_241","Gadus","genus",NA,"Gadus","Gadidae","Gadiformes","Actinopteri","Chordata","Eukaryota"
"91","ASV_242","Sebastes","genus",NA,"Sebastes","Sebastidae","Perciformes","Actinopteri","Chordata","Eukaryota"
"92","ASV_243","Sebastes","genus",NA,"Sebastes","Sebastidae","Perciformes","Actinopteri","Chordata","Eukaryota"
"93","ASV_244","Sebastolobus","genus",NA,"Sebastolobus","Sebastidae","Perciformes","Actinopteri","Chordata","Eukaryota"
"94","ASV_245","Atheresthes","genus",NA,"Atheresthes","Pleuronectidae","Pleuronectiformes","Actinopteri","Chordata","Eukaryota"
"95","ASV_246","Gadus","genus",NA,"Gadus","Gadidae","Gadiformes","Actinopteri","Chordata","Eukaryota"
"96","ASV_247","Sebastolobus","genus",NA,"Sebastolobus","Sebastidae","Perciformes","Actinopteri","Chordata","Eukaryota"
"97","ASV_249","Sebastes","genus",NA,"Sebastes","Sebastidae","Perciformes","Actinopteri","Chordata","Eukaryota"
"98","ASV_251","Sebastes","genus",NA,"Sebastes","Sebastidae","Perciformes","Actinopteri","Chordata","Eukaryota"
"99","ASV_253","Gadus","genus",NA,"Gadus","Gadidae","Gadiformes","Actinopteri","Chordata","Eukaryota"
"100","ASV_256","Atheresthes","genus",NA,"Atheresthes","Pleuronectidae","Pleuronectiformes","Actinopteri","Chordata","Eukaryota"
"101","ASV_257","Gadus","genus",NA,"Gadus","Gadidae","Gadiformes","Actinopteri","Chordata","Eukaryota"
"102","ASV_274","Sebastolobus","genus",NA,"Sebastolobus","Sebastidae","Perciformes","Actinopteri","Chordata","Eukaryota"
"103","ASV_275","Gadus","genus",NA,"Gadus","Gadidae","Gadiformes","Actinopteri","Chordata","Eukaryota"
"104","ASV_287","Sebastes","genus",NA,"Sebastes","Sebastidae","Perciformes","Actinopteri","Chordata","Eukaryota"
"105","ASV_289","Sebastolobus","genus",NA,"Sebastolobus","Sebastidae","Perciformes","Actinopteri","Chordata","Eukaryota"
"106","ASV_291","Sebastolobus","genus",NA,"Sebastolobus","Sebastidae","Perciformes","Actinopteri","Chordata","Eukaryota"
"107","ASV_293","Sebastolobus","genus",NA,"Sebastolobus","Sebastidae","Perciformes","Actinopteri","Chordata","Eukaryota"
"108","ASV_295","Sebastolobus","genus",NA,"Sebastolobus","Sebastidae","Perciformes","Actinopteri","Chordata","Eukaryota"
"109","ASV_296","Atheresthes","genus",NA,"Atheresthes","Pleuronectidae","Pleuronectiformes","Actinopteri","Chordata","Eukaryota"
"110","ASV_297","Sebastes","genus",NA,"Sebastes","Sebastidae","Perciformes","Actinopteri","Chordata","Eukaryota"
"111","ASV_298","Sebastolobus","genus",NA,"Sebastolobus","Sebastidae","Perciformes","Actinopteri","Chordata","Eukaryota"
"112","ASV_299","Sebastolobus","genus",NA,"Sebastolobus","Sebastidae","Perciformes","Actinopteri","Chordata","Eukaryota"
"113","ASV_300","Sebastolobus","genus",NA,"Sebastolobus","Sebastidae","Perciformes","Actinopteri","Chordata","Eukaryota"
"114","ASV_004","Gadus chalcogrammus","species","Gadus chalcogrammus","Gadus","Gadidae","Gadiformes","Actinopteri","Chordata","Eukaryota"
"115","ASV_005","Clupea pallasii","species","Clupea pallasii","Clupea","Clupeidae","Clupeiformes","Actinopteri","Chordata","Eukaryota"
"116","ASV_007","Lycodes brevipes","species","Lycodes brevipes","Lycodes","Zoarcidae","Perciformes","Actinopteri","Chordata","Eukaryota"
"117","ASV_009","Oncorhynchus gorbuscha","species","Oncorhynchus gorbuscha","Oncorhynchus","Salmonidae","Salmoniformes","Actinopteri","Chordata","Eukaryota"
"118","ASV_010","Oncorhynchus keta","species","Oncorhynchus keta","Oncorhynchus","Salmonidae","Salmoniformes","Actinopteri","Chordata","Eukaryota"
"119","ASV_011","Thaleichthys pacificus","species","Thaleichthys pacificus","Thaleichthys","Osmeridae","Osmeriformes","Actinopteri","Chordata","Eukaryota"
"120","ASV_012","Anarrhichthys ocellatus","species","Anarrhichthys ocellatus","Anarrhichthys","Anarhichadidae","Perciformes","Actinopteri","Chordata","Eukaryota"
"121","ASV_013","Mallotus villosus","species","Mallotus villosus","Mallotus","Salangidae","Osmeriformes","Actinopteri","Chordata","Eukaryota"
"122","ASV_014","Hippoglossus stenolepis","species","Hippoglossus stenolepis","Hippoglossus","Pleuronectidae","Pleuronectiformes","Actinopteri","Chordata","Eukaryota"
"123","ASV_015","Hydrolagus colliei","species","Hydrolagus colliei","Hydrolagus","Chimaeridae","Chimaeriformes","Chondrichthyes","Chordata","Eukaryota"
"124","ASV_016","Hexagrammos decagrammus","species","Hexagrammos decagrammus","Hexagrammos","Hexagrammidae","Perciformes","Actinopteri","Chordata","Eukaryota"
"125","ASV_017","Oncorhynchus tshawytscha","species","Oncorhynchus tshawytscha","Oncorhynchus","Salmonidae","Salmoniformes","Actinopteri","Chordata","Eukaryota"
"126","ASV_020","Leuroglossus schmidti","species","Leuroglossus schmidti","Leuroglossus","Bathylagidae","Argentiniformes","Actinopteri","Chordata","Eukaryota"
"127","ASV_021","Ophiodon elongatus","species","Ophiodon elongatus","Ophiodon","Hexagrammidae","Perciformes","Actinopteri","Chordata","Eukaryota"
"128","ASV_022","Ammodytes personatus","species","Ammodytes personatus","Ammodytes","Ammodytidae","Uranoscopiformes","Actinopteri","Chordata","Eukaryota"
"129","ASV_023","Anoplopoma fimbria","species","Anoplopoma fimbria","Anoplopoma","Anoplopomatidae","Perciformes","Actinopteri","Chordata","Eukaryota"
"130","ASV_025","Oncorhynchus gorbuscha","species","Oncorhynchus gorbuscha","Oncorhynchus","Salmonidae","Salmoniformes","Actinopteri","Chordata","Eukaryota"
"131","ASV_026","Poroclinus rothrocki","species","Poroclinus rothrocki","Poroclinus","Stichaeidae","Perciformes","Actinopteri","Chordata","Eukaryota"
"132","ASV_027","Icelus spatula","species","Icelus spatula","Icelus","Cottidae","Perciformes","Actinopteri","Chordata","Eukaryota"
"133","ASV_028","Lyopsetta exilis","species","Lyopsetta exilis","Lyopsetta","Pleuronectidae","Pleuronectiformes","Actinopteri","Chordata","Eukaryota"
"134","ASV_029","Gadus macrocephalus","species","Gadus macrocephalus","Gadus","Gadidae","Gadiformes","Actinopteri","Chordata","Eukaryota"
"135","ASV_030","Gadus chalcogrammus","species","Gadus chalcogrammus","Gadus","Gadidae","Gadiformes","Actinopteri","Chordata","Eukaryota"
"136","ASV_032","Zaprora silenus","species","Zaprora silenus","Zaprora","Zaproridae","Perciformes","Actinopteri","Chordata","Eukaryota"
"137","ASV_034","Gadus macrocephalus","species","Gadus macrocephalus","Gadus","Gadidae","Gadiformes","Actinopteri","Chordata","Eukaryota"
"138","ASV_036","Clupea pallasii","species","Clupea pallasii","Clupea","Clupeidae","Clupeiformes","Actinopteri","Chordata","Eukaryota"
"139","ASV_038","Cryptacanthodes aleutensis","species","Cryptacanthodes aleutensis","Cryptacanthodes","Cryptacanthodidae","Perciformes","Actinopteri","Chordata","Eukaryota"
"140","ASV_040","Ronquilus jordani","species","Ronquilus jordani","Ronquilus","Bathymasteridae","Perciformes","Actinopteri","Chordata","Eukaryota"
"141","ASV_041","Microgadus proximus","species","Microgadus proximus","Microgadus","Gadidae","Gadiformes","Actinopteri","Chordata","Eukaryota"
"142","ASV_045","Lycodes cortezianus","species","Lycodes cortezianus","Lycodes","Zoarcidae","Perciformes","Actinopteri","Chordata","Eukaryota"
"143","ASV_049","Clupea pallasii","species","Clupea pallasii","Clupea","Clupeidae","Clupeiformes","Actinopteri","Chordata","Eukaryota"
"144","ASV_050","Pleurogrammus monopterygius","species","Pleurogrammus monopterygius","Pleurogrammus","Hexagrammidae","Perciformes","Actinopteri","Chordata","Eukaryota"
"145","ASV_051","Sebastes nigrocinctus","species","Sebastes nigrocinctus","Sebastes","Sebastidae","Perciformes","Actinopteri","Chordata","Eukaryota"
"146","ASV_052","Leptoclinus maculatus","species","Leptoclinus maculatus","Leptoclinus","Stichaeidae","Perciformes","Actinopteri","Chordata","Eukaryota"
"147","ASV_053","Oncorhynchus keta","species","Oncorhynchus keta","Oncorhynchus","Salmonidae","Salmoniformes","Actinopteri","Chordata","Eukaryota"
"148","ASV_054","Mallotus villosus","species","Mallotus villosus","Mallotus","Salangidae","Osmeriformes","Actinopteri","Chordata","Eukaryota"
"149","ASV_057","Gadus chalcogrammus","species","Gadus chalcogrammus","Gadus","Gadidae","Gadiformes","Actinopteri","Chordata","Eukaryota"
"150","ASV_060","Oncorhynchus keta","species","Oncorhynchus keta","Oncorhynchus","Salmonidae","Salmoniformes","Actinopteri","Chordata","Eukaryota"
"151","ASV_063","Lycodes brevipes","species","Lycodes brevipes","Lycodes","Zoarcidae","Perciformes","Actinopteri","Chordata","Eukaryota"
"152","ASV_066","Oncorhynchus nerka","species","Oncorhynchus nerka","Oncorhynchus","Salmonidae","Salmoniformes","Actinopteri","Chordata","Eukaryota"
"153","ASV_067","Radulinus asprellus","species","Radulinus asprellus","Radulinus","Cottidae","Perciformes","Actinopteri","Chordata","Eukaryota"
"154","ASV_068","Clupea pallasii","species","Clupea pallasii","Clupea","Clupeidae","Clupeiformes","Actinopteri","Chordata","Eukaryota"
"155","ASV_072","Oncorhynchus kisutch","species","Oncorhynchus kisutch","Oncorhynchus","Salmonidae","Salmoniformes","Actinopteri","Chordata","Eukaryota"
"156","ASV_073","Oncorhynchus gorbuscha","species","Oncorhynchus gorbuscha","Oncorhynchus","Salmonidae","Salmoniformes","Actinopteri","Chordata","Eukaryota"
"157","ASV_074","Clupea pallasii","species","Clupea pallasii","Clupea","Clupeidae","Clupeiformes","Actinopteri","Chordata","Eukaryota"
"158","ASV_076","Gadus chalcogrammus","species","Gadus chalcogrammus","Gadus","Gadidae","Gadiformes","Actinopteri","Chordata","Eukaryota"
"159","ASV_077","Sebastes entomelas","species","Sebastes entomelas","Sebastes","Sebastidae","Perciformes","Actinopteri","Chordata","Eukaryota"
"160","ASV_080","Oncorhynchus keta","species","Oncorhynchus keta","Oncorhynchus","Salmonidae","Salmoniformes","Actinopteri","Chordata","Eukaryota"
"161","ASV_081","Gadus chalcogrammus","species","Gadus chalcogrammus","Gadus","Gadidae","Gadiformes","Actinopteri","Chordata","Eukaryota"
"162","ASV_082","Zaprora silenus","species","Zaprora silenus","Zaprora","Zaproridae","Perciformes","Actinopteri","Chordata","Eukaryota"
"163","ASV_085","Gadus chalcogrammus","species","Gadus chalcogrammus","Gadus","Gadidae","Gadiformes","Actinopteri","Chordata","Eukaryota"
"164","ASV_087","Lycodes palearis","species","Lycodes palearis","Lycodes","Zoarcidae","Perciformes","Actinopteri","Chordata","Eukaryota"
"165","ASV_090","Ammodytes personatus","species","Ammodytes personatus","Ammodytes","Ammodytidae","Uranoscopiformes","Actinopteri","Chordata","Eukaryota"
"166","ASV_091","Microstomus pacificus","species","Microstomus pacificus","Microstomus","Pleuronectidae","Pleuronectiformes","Actinopteri","Chordata","Eukaryota"
"167","ASV_092","Ammodytes hexapterus","species","Ammodytes hexapterus","Ammodytes","Ammodytidae","Uranoscopiformes","Actinopteri","Chordata","Eukaryota"
"168","ASV_093","Lyopsetta exilis","species","Lyopsetta exilis","Lyopsetta","Pleuronectidae","Pleuronectiformes","Actinopteri","Chordata","Eukaryota"
"169","ASV_095","Oncorhynchus keta","species","Oncorhynchus keta","Oncorhynchus","Salmonidae","Salmoniformes","Actinopteri","Chordata","Eukaryota"
"170","ASV_097","Mallotus villosus","species","Mallotus villosus","Mallotus","Salangidae","Osmeriformes","Actinopteri","Chordata","Eukaryota"
"171","ASV_098","Psychrolutes paradoxus","species","Psychrolutes paradoxus","Psychrolutes","Psychrolutidae","Perciformes","Actinopteri","Chordata","Eukaryota"
"172","ASV_099","Clupea pallasii","species","Clupea pallasii","Clupea","Clupeidae","Clupeiformes","Actinopteri","Chordata","Eukaryota"
"173","ASV_100","Clupea pallasii","species","Clupea pallasii","Clupea","Clupeidae","Clupeiformes","Actinopteri","Chordata","Eukaryota"
"174","ASV_102","Hexagrammos decagrammus","species","Hexagrammos decagrammus","Hexagrammos","Hexagrammidae","Perciformes","Actinopteri","Chordata","Eukaryota"
"175","ASV_103","Anoplopoma fimbria","species","Anoplopoma fimbria","Anoplopoma","Anoplopomatidae","Perciformes","Actinopteri","Chordata","Eukaryota"
"176","ASV_109","Oncorhynchus tshawytscha","species","Oncorhynchus tshawytscha","Oncorhynchus","Salmonidae","Salmoniformes","Actinopteri","Chordata","Eukaryota"
"177","ASV_111","Hippoglossus stenolepis","species","Hippoglossus stenolepis","Hippoglossus","Pleuronectidae","Pleuronectiformes","Actinopteri","Chordata","Eukaryota"
"178","ASV_112","Lycodes palearis","species","Lycodes palearis","Lycodes","Zoarcidae","Perciformes","Actinopteri","Chordata","Eukaryota"
"179","ASV_113","Clupea pallasii","species","Clupea pallasii","Clupea","Clupeidae","Clupeiformes","Actinopteri","Chordata","Eukaryota"
"180","ASV_114","Balaenoptera physalus","species","Balaenoptera physalus","Balaenoptera","Balaenopteridae","Artiodactyla","Mammalia","Chordata","Eukaryota"
"181","ASV_117","Clupea pallasii","species","Clupea pallasii","Clupea","Clupeidae","Clupeiformes","Actinopteri","Chordata","Eukaryota"
"182","ASV_119","Oncorhynchus gorbuscha","species","Oncorhynchus gorbuscha","Oncorhynchus","Salmonidae","Salmoniformes","Actinopteri","Chordata","Eukaryota"
"183","ASV_120","Lycodes brevipes","species","Lycodes brevipes","Lycodes","Zoarcidae","Perciformes","Actinopteri","Chordata","Eukaryota"
"184","ASV_123","Gadus chalcogrammus","species","Gadus chalcogrammus","Gadus","Gadidae","Gadiformes","Actinopteri","Chordata","Eukaryota"
"185","ASV_125","Oncorhynchus tshawytscha","species","Oncorhynchus tshawytscha","Oncorhynchus","Salmonidae","Salmoniformes","Actinopteri","Chordata","Eukaryota"
"186","ASV_126","Clupea pallasii","species","Clupea pallasii","Clupea","Clupeidae","Clupeiformes","Actinopteri","Chordata","Eukaryota"
"187","ASV_128","Ammodytes personatus","species","Ammodytes personatus","Ammodytes","Ammodytidae","Uranoscopiformes","Actinopteri","Chordata","Eukaryota"
"188","ASV_130","Stenobrachius leucopsarus","species","Stenobrachius leucopsarus","Stenobrachius","Myctophidae","Myctophiformes","Actinopteri","Chordata","Eukaryota"
"189","ASV_132","Oncorhynchus tshawytscha","species","Oncorhynchus tshawytscha","Oncorhynchus","Salmonidae","Salmoniformes","Actinopteri","Chordata","Eukaryota"
"190","ASV_133","Oncorhynchus tshawytscha","species","Oncorhynchus tshawytscha","Oncorhynchus","Salmonidae","Salmoniformes","Actinopteri","Chordata","Eukaryota"
"191","ASV_134","Hexagrammos decagrammus","species","Hexagrammos decagrammus","Hexagrammos","Hexagrammidae","Perciformes","Actinopteri","Chordata","Eukaryota"
"192","ASV_135","Oncorhynchus kisutch","species","Oncorhynchus kisutch","Oncorhynchus","Salmonidae","Salmoniformes","Actinopteri","Chordata","Eukaryota"
"193","ASV_136","Gadus chalcogrammus","species","Gadus chalcogrammus","Gadus","Gadidae","Gadiformes","Actinopteri","Chordata","Eukaryota"
"194","ASV_137","Leptoclinus maculatus","species","Leptoclinus maculatus","Leptoclinus","Stichaeidae","Perciformes","Actinopteri","Chordata","Eukaryota"
"195","ASV_138","Mallotus villosus","species","Mallotus villosus","Mallotus","Salangidae","Osmeriformes","Actinopteri","Chordata","Eukaryota"
"196","ASV_139","Oncorhynchus nerka","species","Oncorhynchus nerka","Oncorhynchus","Salmonidae","Salmoniformes","Actinopteri","Chordata","Eukaryota"
"197","ASV_141","Thaleichthys pacificus","species","Thaleichthys pacificus","Thaleichthys","Osmeridae","Osmeriformes","Actinopteri","Chordata","Eukaryota"
"198","ASV_142","Microstomus pacificus","species","Microstomus pacificus","Microstomus","Pleuronectidae","Pleuronectiformes","Actinopteri","Chordata","Eukaryota"
"199","ASV_143","Gadus macrocephalus","species","Gadus macrocephalus","Gadus","Gadidae","Gadiformes","Actinopteri","Chordata","Eukaryota"
"200","ASV_145","Ophiodon elongatus","species","Ophiodon elongatus","Ophiodon","Hexagrammidae","Perciformes","Actinopteri","Chordata","Eukaryota"
"201","ASV_146","Oncorhynchus tshawytscha","species","Oncorhynchus tshawytscha","Oncorhynchus","Salmonidae","Salmoniformes","Actinopteri","Chordata","Eukaryota"
"202","ASV_147","Ronquilus jordani","species","Ronquilus jordani","Ronquilus","Bathymasteridae","Perciformes","Actinopteri","Chordata","Eukaryota"
"203","ASV_149","Gadus chalcogrammus","species","Gadus chalcogrammus","Gadus","Gadidae","Gadiformes","Actinopteri","Chordata","Eukaryota"
"204","ASV_150","Ophiodon elongatus","species","Ophiodon elongatus","Ophiodon","Hexagrammidae","Perciformes","Actinopteri","Chordata","Eukaryota"
"205","ASV_152","Oncorhynchus keta","species","Oncorhynchus keta","Oncorhynchus","Salmonidae","Salmoniformes","Actinopteri","Chordata","Eukaryota"
"206","ASV_153","Thaleichthys pacificus","species","Thaleichthys pacificus","Thaleichthys","Osmeridae","Osmeriformes","Actinopteri","Chordata","Eukaryota"
"207","ASV_157","Hexagrammos decagrammus","species","Hexagrammos decagrammus","Hexagrammos","Hexagrammidae","Perciformes","Actinopteri","Chordata","Eukaryota"
"208","ASV_158","Clupea pallasii","species","Clupea pallasii","Clupea","Clupeidae","Clupeiformes","Actinopteri","Chordata","Eukaryota"
"209","ASV_160","Lumpenus sagitta","species","Lumpenus sagitta","Lumpenus","Stichaeidae","Perciformes","Actinopteri","Chordata","Eukaryota"
"210","ASV_162","Lyopsetta exilis","species","Lyopsetta exilis","Lyopsetta","Pleuronectidae","Pleuronectiformes","Actinopteri","Chordata","Eukaryota"
"211","ASV_165","Oncorhynchus gorbuscha","species","Oncorhynchus gorbuscha","Oncorhynchus","Salmonidae","Salmoniformes","Actinopteri","Chordata","Eukaryota"
"212","ASV_166","Oncorhynchus gorbuscha","species","Oncorhynchus gorbuscha","Oncorhynchus","Salmonidae","Salmoniformes","Actinopteri","Chordata","Eukaryota"
"213","ASV_169","Thaleichthys pacificus","species","Thaleichthys pacificus","Thaleichthys","Osmeridae","Osmeriformes","Actinopteri","Chordata","Eukaryota"
"214","ASV_172","Oncorhynchus keta","species","Oncorhynchus keta","Oncorhynchus","Salmonidae","Salmoniformes","Actinopteri","Chordata","Eukaryota"
"215","ASV_173","Clupea pallasii","species","Clupea pallasii","Clupea","Clupeidae","Clupeiformes","Actinopteri","Chordata","Eukaryota"
"216","ASV_174","Clupea pallasii","species","Clupea pallasii","Clupea","Clupeidae","Clupeiformes","Actinopteri","Chordata","Eukaryota"
"217","ASV_178","Hexagrammos decagrammus","species","Hexagrammos decagrammus","Hexagrammos","Hexagrammidae","Perciformes","Actinopteri","Chordata","Eukaryota"
"218","ASV_180","Sebastes nigrocinctus","species","Sebastes nigrocinctus","Sebastes","Sebastidae","Perciformes","Actinopteri","Chordata","Eukaryota"
"219","ASV_181","Anoplopoma fimbria","species","Anoplopoma fimbria","Anoplopoma","Anoplopomatidae","Perciformes","Actinopteri","Chordata","Eukaryota"
"220","ASV_184","Clupea pallasii","species","Clupea pallasii","Clupea","Clupeidae","Clupeiformes","Actinopteri","Chordata","Eukaryota"
"221","ASV_185","Gadus chalcogrammus","species","Gadus chalcogrammus","Gadus","Gadidae","Gadiformes","Actinopteri","Chordata","Eukaryota"
"222","ASV_186","Anarrhichthys ocellatus","species","Anarrhichthys ocellatus","Anarrhichthys","Anarhichadidae","Perciformes","Actinopteri","Chordata","Eukaryota"
"223","ASV_187","Mallotus villosus","species","Mallotus villosus","Mallotus","Salangidae","Osmeriformes","Actinopteri","Chordata","Eukaryota"
"224","ASV_193","Anarrhichthys ocellatus","species","Anarrhichthys ocellatus","Anarrhichthys","Anarhichadidae","Perciformes","Actinopteri","Chordata","Eukaryota"
"225","ASV_194","Hydrolagus colliei","species","Hydrolagus colliei","Hydrolagus","Chimaeridae","Chimaeriformes","Chondrichthyes","Chordata","Eukaryota"
"226","ASV_203","Clupea pallasii","species","Clupea pallasii","Clupea","Clupeidae","Clupeiformes","Actinopteri","Chordata","Eukaryota"
"227","ASV_204","Hexagrammos decagrammus","species","Hexagrammos decagrammus","Hexagrammos","Hexagrammidae","Perciformes","Actinopteri","Chordata","Eukaryota"
"228","ASV_208","Anoplopoma fimbria","species","Anoplopoma fimbria","Anoplopoma","Anoplopomatidae","Perciformes","Actinopteri","Chordata","Eukaryota"
"229","ASV_209","Ammodytes hexapterus","species","Ammodytes hexapterus","Ammodytes","Ammodytidae","Uranoscopiformes","Actinopteri","Chordata","Eukaryota"
"230","ASV_211","Gadus chalcogrammus","species","Gadus chalcogrammus","Gadus","Gadidae","Gadiformes","Actinopteri","Chordata","Eukaryota"
"231","ASV_216","Clupea pallasii","species","Clupea pallasii","Clupea","Clupeidae","Clupeiformes","Actinopteri","Chordata","Eukaryota"
"232","ASV_217","Gadus chalcogrammus","species","Gadus chalcogrammus","Gadus","Gadidae","Gadiformes","Actinopteri","Chordata","Eukaryota"
"233","ASV_219","Gadus chalcogrammus","species","Gadus chalcogrammus","Gadus","Gadidae","Gadiformes","Actinopteri","Chordata","Eukaryota"
"234","ASV_220","Mallotus villosus","species","Mallotus villosus","Mallotus","Salangidae","Osmeriformes","Actinopteri","Chordata","Eukaryota"
"235","ASV_222","Ronquilus jordani","species","Ronquilus jordani","Ronquilus","Bathymasteridae","Perciformes","Actinopteri","Chordata","Eukaryota"
"236","ASV_224","Clupea pallasii","species","Clupea pallasii","Clupea","Clupeidae","Clupeiformes","Actinopteri","Chordata","Eukaryota"
"237","ASV_225","Anoplopoma fimbria","species","Anoplopoma fimbria","Anoplopoma","Anoplopomatidae","Perciformes","Actinopteri","Chordata","Eukaryota"
"238","ASV_226","Lycodes brevipes","species","Lycodes brevipes","Lycodes","Zoarcidae","Perciformes","Actinopteri","Chordata","Eukaryota"
"239","ASV_230","Clupea pallasii","species","Clupea pallasii","Clupea","Clupeidae","Clupeiformes","Actinopteri","Chordata","Eukaryota"
"240","ASV_231","Clupea pallasii","species","Clupea pallasii","Clupea","Clupeidae","Clupeiformes","Actinopteri","Chordata","Eukaryota"
"241","ASV_235","Mallotus villosus","species","Mallotus villosus","Mallotus","Salangidae","Osmeriformes","Actinopteri","Chordata","Eukaryota"
"242","ASV_236","Oncorhynchus keta","species","Oncorhynchus keta","Oncorhynchus","Salmonidae","Salmoniformes","Actinopteri","Chordata","Eukaryota"
"243","ASV_250","Clupea pallasii","species","Clupea pallasii","Clupea","Clupeidae","Clupeiformes","Actinopteri","Chordata","Eukaryota"
"244","ASV_254","Lycodes cortezianus","species","Lycodes cortezianus","Lycodes","Zoarcidae","Perciformes","Actinopteri","Chordata","Eukaryota"
"245","ASV_255","Mallotus villosus","species","Mallotus villosus","Mallotus","Salangidae","Osmeriformes","Actinopteri","Chordata","Eukaryota"
"246","ASV_258","Hippoglossus stenolepis","species","Hippoglossus stenolepis","Hippoglossus","Pleuronectidae","Pleuronectiformes","Actinopteri","Chordata","Eukaryota"
"247","ASV_259","Microstomus pacificus","species","Microstomus pacificus","Microstomus","Pleuronectidae","Pleuronectiformes","Actinopteri","Chordata","Eukaryota"
"248","ASV_263","Gadus chalcogrammus","species","Gadus chalcogrammus","Gadus","Gadidae","Gadiformes","Actinopteri","Chordata","Eukaryota"
"249","ASV_265","Eleginus gracilis","species","Eleginus gracilis","Eleginus","Gadidae","Gadiformes","Actinopteri","Chordata","Eukaryota"
"250","ASV_273","Hexagrammos decagrammus","species","Hexagrammos decagrammus","Hexagrammos","Hexagrammidae","Perciformes","Actinopteri","Chordata","Eukaryota"
"251","ASV_278","Phocoena phocoena","species","Phocoena phocoena","Phocoena","Phocoenidae","Artiodactyla","Mammalia","Chordata","Eukaryota"
"252","ASV_282","Megaptera novaeangliae","species","Megaptera novaeangliae","Megaptera","Balaenopteridae","Artiodactyla","Mammalia","Chordata","Eukaryota"
"253","ASV_284","Lyopsetta exilis","species","Lyopsetta exilis","Lyopsetta","Pleuronectidae","Pleuronectiformes","Actinopteri","Chordata","Eukaryota"
"254","ASV_286","Gadus macrocephalus","species","Gadus macrocephalus","Gadus","Gadidae","Gadiformes","Actinopteri","Chordata","Eukaryota"
"255","ASV_288","Gadus chalcogrammus","species","Gadus chalcogrammus","Gadus","Gadidae","Gadiformes","Actinopteri","Chordata","Eukaryota"
"256","ASV_048","Cololabis saira","species","Cololabis saira","Cololabis","Belonidae","Beloniformes","Actinopteri","Chordata","Eukaryota"
"257","ASV_237","Cololabis saira","species","Cololabis saira","Cololabis","Belonidae","Beloniformes","Actinopteri","Chordata","Eukaryota"
"258","ASV_059","Icelinus borealis","species","Icelinus borealis","Icelinus","Cottidae","Perciformes","Actinopteri","Chordata","Eukaryota"
"259","ASV_195","Icelinus borealis","species","Icelinus borealis","Icelinus","Cottidae","Perciformes","Actinopteri","Chordata","Eukaryota"
"260","ASV_039","Rhamphocottus richardsonii","species","Rhamphocottus richardsonii","Rhamphocottus","Rhamphocottidae","Perciformes","Actinopteri","Chordata","Eukaryota"
"261","ASV_198","Rhamphocottus richardsonii","species","Rhamphocottus richardsonii","Rhamphocottus","Rhamphocottidae","Perciformes","Actinopteri","Chordata","Eukaryota"
"262","ASV_281","Squalus suckleyi","species","Squalus suckleyi","Squalus","Squalidae","Squaliformes","Chondrichthyes","Chordata","Eukaryota"
"263","ASV_269","Squalus suckleyi","species","Squalus suckleyi","Squalus","Squalidae","Squaliformes","Chondrichthyes","Chordata","Eukaryota"
